<?xml version="1.0" encoding="UTF-8"?>
<!DOCTYPE mapper
  PUBLIC "-//mybatis.org//DTD Mapper 3.0//EN"
  "https://mybatis.org/dtd/mybatis-3-mapper.dtd">

<mapper namespace="mappers.qusetionseller">

	<select id="getQuestionCount" resultType="int">
		select count(*) from tbl_question
		where pro_no in 
		  (select pro_no from tbl_product 
		   where seller_id = #{seller_id})
	</select>
	
	<select id="getQuestionListById" resultType="QuestionVo">
		select * from 
    	  (select rownum rnum, a.* from 
        	(select tbq.*, tbp.pro_name from 
			   tbl_question tbq, tbl_product tbp
			 where tbq.pro_no = tbp.pro_no
		  	   and tbp.seller_id = #{seller_id}  
			 order by q_step, q_no desc) a)
		where rnum between #{startRow} and #{endRow}
	</select>
	
	<update id="updateAnswer">
		update tbl_question
		set a_content = #{a_content},
		  q_step = 1,
		  a_regdate = sysdate
		where q_no = #{q_no}
	</update>
	
	<select id="selectAnswerRegdate" resultType="java.sql.Timestamp">
		select a_regdate
		from tbl_question
		where q_no = #{q_no}
	</select>
	
	<select id="getNewQuestionCount" resultType="int">
		select count(*) from tbl_question
		where pro_no in 
		  (select pro_no from tbl_product 
		   where seller_id = #{seller_id})
		  and q_step = 0 
	</select>
	
</mapper>