<?xml version="1.0" encoding="UTF-8"?>
<!DOCTYPE mapper
  PUBLIC "-//mybatis.org//DTD Mapper 3.0//EN"
  "https://mybatis.org/dtd/mybatis-3-mapper.dtd">

<mapper namespace="mappers.seller">
	<!-- 판매자 중복 아이디 검사 -->
	<select id="seller_checkId" resultType="SellerVo">
		select * from tbl_seller
		where seller_id=#{seller_id}
	</select>
	<!-- 판매자 회원 가입 -->
	<insert id="seller_registerMember">
		insert into tbl_seller(seller_id, seller_name, seller_person, seller_pw, seller_email, seller_phone, seller_addr, seller_pic)
		values(#{seller_id}, #{seller_name}, #{seller_person}, #{seller_pw}, #{seller_email}, #{seller_phone}, #{seller_addr}, #{seller_pic, jdbcType=VARCHAR})
	</insert>
	<!-- 판매자 로그인 -->
	<select id="seller_login" resultType="SellerVo">
		select * from tbl_seller
		where seller_id=#{seller_id}
		and seller_pw=#{seller_pw}
	</select>
	
	<!-- 유저 확인, 비밀번호 업데이트 / 판매자 -->
		<select id="isExistMember_seller" resultType="int">
		select count(*) from tbl_seller
			where seller_id=#{seller_id}
			and seller_email=#{seller_email}
	</select>
	
	<select id="getSellerInfo" resultType="SellerVo">
		select seller_pic, seller_name
		from tbl_seller
		where seller_id = #{seller_id}
	</select>
	<update id="updatePassword_seller">
		update tbl_seller set
			seller_pw=#{seller_pw}
		where seller_id=#{seller_id}
	</update>
<!-- 	구분선 -->
	<select id="getInfoById" resultType="SellerVo">
		select * from tbl_seller
		where seller_id = #{seller_id}
	</select>
	
	<select id="getChangeInfoById" resultType="SellerVo">
		select seller_name, seller_person, seller_email, seller_phone, seller_addr
		from tbl_seller
		where seller_id = #{seller_id}
	</select>
	
	<select id="nowPwCheck" resultType="int">
		select count(*) from tbl_seller
		where seller_id = #{seller_id}
	   	  and seller_pw = #{nowPw}
	</select>
	
	<update id="updateSellerInfo">
		update tbl_seller set
		  seller_pw = #{seller_pw},
		  seller_person = #{seller_person},
		  seller_name = #{seller_name},
		  seller_phone = #{seller_phone},
		  seller_email = #{seller_email},
		  seller_addr = #{seller_addr}
		where seller_id = #{seller_id}
	</update>
	
	<update id="updateSellerImg">
		update tbl_seller set
		  seller_pic = #{seller_pic}
		where seller_id = #{seller_id}
	</update>
</mapper>