<?xml version="1.0" encoding="UTF-8"?>
<beans:beans xmlns="http://www.springframework.org/schema/mvc"
	xmlns:xsi="http://www.w3.org/2001/XMLSchema-instance"
	xmlns:beans="http://www.springframework.org/schema/beans"
	xmlns:context="http://www.springframework.org/schema/context"
	xmlns:aop="http://www.springframework.org/schema/aop"
	xsi:schemaLocation="http://www.springframework.org/schema/mvc https://www.springframework.org/schema/mvc/spring-mvc.xsd
		http://www.springframework.org/schema/beans https://www.springframework.org/schema/beans/spring-beans.xsd
		http://www.springframework.org/schema/context https://www.springframework.org/schema/context/spring-context.xsd
		http://www.springframework.org/schema/aop http://www.springframework.org/schema/aop/spring-aop-4.1.xsd">

	<!-- DispatcherServlet Context: defines this servlet's request-processing infrastructure -->
	
	<!-- Enables the Spring MVC @Controller programming model -->
	<annotation-driven />

	<!-- Handles HTTP GET requests for /resources/** by efficiently serving up static resources in the ${webappRoot}/resources directory -->
	<resources mapping="/**" location="/resources/" />

	<!-- Resolves views selected for rendering by @Controllers to .jsp resources in the /WEB-INF/views directory -->
	<beans:bean class="org.springframework.web.servlet.view.InternalResourceViewResolver">
		<beans:property name="prefix" value="/WEB-INF/views/" />
		<beans:property name="suffix" value=".jsp" />
	</beans:bean>
	
	<context:component-scan base-package="com.kh.project" />
	
	<beans:bean 
		class="org.springframework.web.multipart.commons.CommonsMultipartResolver"
		id="multipartResolver">
		<beans:property name="maxUploadSize" value="10000000"/>
		<beans:property name="maxInMemorySize" value="10000000"/>
	</beans:bean>
	<!-- interceptor -->
	<beans:bean
		id="sellerLoginInterceptor" class="com.kh.project.kwon.interceptor.SellerLoginInterceptor">
	</beans:bean>
	<beans:bean
		id="loginInterceptor" class="com.kh.project.sjw.interceptor.LoginInterceptor">
	</beans:bean>
	<interceptors>
		<interceptor>
			<mapping path="/manage/**/*"/>
			<mapping path="/ordersell/**/*"/>
			<mapping path="/product/**/*"/>
			<mapping path="/questionseller/**/*"/>
			<mapping path="/seller/updatesellerimg"/>
			<mapping path="/seller/profilechangeform"/>
			<mapping path="/seller/nowPwCheck"/>
			<mapping path="/seller/updatesellerinfo"/>
			<beans:ref bean="sellerLoginInterceptor"/>
		</interceptor>
		<interceptor>
			<mapping path="/page/**/*"/>
			<mapping path="/service_center/**/*"/>
			<beans:ref bean="loginInterceptor"/>
		</interceptor>
	</interceptors>
	<!-- mail -->
	<beans:bean id = "mailSender" class="org.springframework.mail.javamail.JavaMailSenderImpl">
	<beans:property name="host" value="smtp.gmail.com" />
	<beans:property name="port" value="587" />
	<beans:property name="username" value="mosat159@gmail.com" />
	<beans:property name="password" value="miruuafklugavnmn" />
	<beans:property name="javaMailProperties"> 
		<beans:props>
			<beans:prop key="mail.smtp.auth">true</beans:prop>
	 		<beans:prop key="mail.smtp.starttls.enable">true</beans:prop>
	 	</beans:props>
	</beans:property>
	</beans:bean>
	
	<aop:aspectj-autoproxy></aop:aspectj-autoproxy>
</beans:beans>
